
INSERT INTO Documento
VALUES 
 ('AF342T919O','Latina'),                
 ('BLL319OR01','Latina'),
 ('DDF442XC78','Frosinone'),
 ('DTT142GC63','Viterbo'),
 ('BGF456X12A','Viterbo'),
 ('UDC453DC73','Latina'),
 ('LKO345OP22','Rieti'),
 ('VRF564TY23','Rieti'),
 ('TTR576AS91','Roma'),
 ('DDS234VC42','Viterbo'),
 ('GFT452AW17','Roma'),
 ('DSP551YE91','Roma'),
 ('CFD213NN78','Roma'),                     
 ('AF56UZ913E','Roma'),
 ('AS77LI0MR5','Roma'),
 ('GSE890TR12','Roma'),
 ('DEL798CO23','Roma'),
 ('GGA651TD20','Roma'),
 ('NDR214AD45','Roma'),
 ('AST756HY77','Roma'),
 ('MMD632IK19','Roma'),
 ('KKD438ZN33','Roma'),
 ('SSF328TF14','Roma'),
 ('SDD453AB88','Roma'),
 ('FGG331YT75','Roma'),
 ('GGD345LL21','Roma'),
 ('HJK567LO82','Roma'),
 ('IFD345AV78','Roma'),
 ('PKK292ZM17','Roma'),
 ('TDF455IR23','Rieti'),
 ('FDR718AE99','Latina'),
 ('FFD322KL10','Latina'),
 ('KDI734GG22','Latina'),
 ('FFG564CD23','Latina'),
 ('ANC762ER83','Viterbo'),
 ('SJI587BC07','Viterbo'),
 ('JDS441GF89','Rieti'),                    
 ('CGK983HG22','Viterbo'),
 ('VNM338TR01','Roma'),
 ('LBM640AZ92','Roma'),
 ('GFF431AG88','Roma'), 
 ('PFG341AC19','Viterbo'),
 ('AGD915VB23','Viterbo'),
 ('BBA456GT78','Roma'),
 ('BFH434HT90','Latina'),
 ('GHF397UN68','Latina'),
 ('AAN786BD41','Viterbo');
 
 
CALL InserisciPersonale ('RSSLGU90H12F205V','Luigi','Rossi','1990-06-12','M','Roma','Via Agnello ','GSE890TR12','3345678912',NULL,'Istruttore');
CALL InserisciPersonale ('LVRMRA83L47H501Q','Maria','Livardi','1983-07-07','F','Roma','Via del Nazareno ','AF56UZ913E','338485898',NULL,'Istruttore');
CALL InserisciPersonale('GRNMRZ92A01H501L','Marzio','Gerini','1993-01-01','M','Roma','Piazza Navona','CFD213NN78','3347456642',NULL,'Istruttore');
CALL InserisciPersonale('PLLGNI79S11H501H','Gino','Pallini','1979-11-11','M','Roma','Via della Reginella ','FDR718AE99','3398756629',NULL,'Istruttore');
CALL InserisciPersonale ('RDTFLC91T14H501Y','Felice','Urdito','1991-12-14','M','Roma','Via della Pace ','IFD345AV78','3397857249',NULL,'Istruttore');
CALL InserisciPersonale('PRZNLL72R10H501Q','Nello','Prezzemolo','1972-10-10','M','Roma','Piazza Navona ','PKK292ZM17','3714591086',NULL,'Istruttore');
CALL InserisciPersonale('VRDCMN94D20F839U','Carmine','Verdi','1994-04-20','M','Roma','Via Maddaloni ','CGK983HG22','3318976542',NULL,'Istruttore');
CALL InserisciPersonale('VRGVCN87H26F839H','Vincenzo','Verga','1987-06-26','M','Roma','Via delle Palme ','GFF431AG88','3445666789',NULL,'Istruttore');
CALL InserisciPersonale('MRGFPP89T07F839Y','Filippo','Marguti','1989-12-07','M','Roma','Via Settebagni ','PFG341AC19','3362148269',NULL,'Istruttore');
CALL InserisciPersonale('VRRNTN85P28D612R','Antonio','Verruti','1985-09-28','M','Roma','Via Belfiore ','DDF442XC78','3459918675',NULL,'Istruttore');
CALL InserisciPersonale('FRRLCU89M14D612Y','Luca','Ferroni','1989-08-14','M','Roma','Via Gino Capponi ','AF342T919O','3228674938',NULL,'Istruttore');
  

  
CALL InserisciPersonale('FRRGRD69S16H501X','Gerardo','Ferri','1969-11-16','M','Roma','Via Abruzzi ','AS77LI0MR5','3349186273',NULL,'Medico');
CALL InserisciPersonale('MRRLCU75R71L781W','Lucia','Mirreni','1975-10-31','F','Roma','Via Baretti G.','BLL319OR01','3377751829',NULL,'Medico');
CALL InserisciPersonale('RRNPLA73H18H501L','Paolo','Arreni','1973-06-18','M','Roma','Via Bachelet','NDR214AD45','3548871965',NULL,'Medico');
CALL InserisciPersonale('TRRMHL65S07F839U','Michele','Tirreni','1965-11-07','M','Roma','Via dei Campanari','VNM338TR01','3445629869',NULL,'Medico');
CALL InserisciPersonale('RGZRSO71E56F839T','Rosa','Arguzi','1971-05-16','M','Roma','Via delle Rose','JDS441GF89','3312870361',NULL,'Medico');
CALL InserisciPersonale('VNCLRI73C48D612X','Ilaria','Vincenzi','1973-03-08','F','Roma','Via della Purga','DDS234VC42','3378194549',NULL,'Medico');
CALL InserisciPersonale('NVRMRZ67P12D612T','Maurizio','Inverno','1967-09-12','M','Roma','Via delle Rose','GFT452AW17','3456753489',NULL,'Medico');
  
  
  
CALL InserisciPersonale('RNZNNL88E45H501F','Antonella','Renzini','1988-05-05','F','Roma','Via Borgi G. ','AST756HY77','3365775991',NULL,'Segreteria');
CALL InserisciPersonale ('GRGVNI94B50H282W','Ivana','Grigi','1994-02-10','F','Roma','Via Campania ','TDF455IR23','3334567652',NULL,'Segreteria');
CALL InserisciPersonale ('PLLMRC91C29E472L','Marco','Polli','1991-03-29','M','Roma','Via Canzio S. ','FDR718AE99','3324425598',NULL,'Segreteria');
CALL InserisciPersonale ('GLLMTR76M55M082C','Maria Teresa','Gialli','1976-08-15','F','Roma','Via Rondinella','SJI587BC07','3657729287',NULL,'Segreteria');
CALL InserisciPersonale ('VRMGLN88D60F839B','Giuliana','Vermicelli','1988-04-20','F','Roma','Via della Liberta ','LBM640AZ92','3374891769',NULL,'Segreteria');
CALL InserisciPersonale ('DRSGGR87R12F839G','Gregorio','Derasi','1987-10-12','M','Roma','Via del Mare ','BBA456GT78','3347826119',NULL,'Segreteria');
CALL InserisciPersonale ('GRGMTT92R13D612Z','Mattia','Giorgi','1992-10-13','M','Roma','Via Dante Alighieri ','BLL319OR01','3339106881',NULL,'Segreteria');
CALL InserisciPersonale ('MCHDNL80D59D612R','Daniela','Micheli','1980-04-19','F','Roma','Via della Commedia ','UDC453DC73','3779148567',NULL,'Segreteria');
  
  
  INSERT INTO Responsabile  (Responsabile)         /* Istruttori */
  VALUES 
   ('VRRNTN85P28D612R'),
   ('RDTFLC91T14H501Y'),
   ('LVRMRA83L47H501Q');
   
   UPDATE Istruttore
   SET Responsabile='RDTFLC91T14H501Y'
   WHERE Residenza='Roma'
       AND CodFiscale NOT IN (SELECT R.Responsabile
                              FROM Responsabile R )
       AND Year(DataNascita)>=1990;
       
        UPDATE Istruttore
   SET Responsabile='LVRMRA83L47H501Q'
   WHERE CodFiscale NOT IN (SELECT R.Responsabile
                              FROM Responsabile R )
       AND Year(DataNascita) BETWEEN 1970 AND 1989;
       
       
   UPDATE Istruttore
   SET Responsabile='VRRNTN85P28D612R'
   WHERE  Year(DataNascita) BETWEEN 1960 and 1969
       AND CodFiscale NOT IN (SELECT R.Responsabile
                              FROM Responsabile R );

   INSERT INTO Responsabile (Responsabile)    /* Medici */
   VALUES 
   ('MRRLCU75R71L781W'),
   ('TRRMHL65S07F839U');
 
   UPDATE Medico
   SET Responsabile='MRRLCU75R71L781W'
   WHERE Year(DataNascita) Between 1960 and 1969
       AND CodFiscale NOT IN (SELECT R.Responsabile
                              FROM Responsabile R );
    
   UPDATE Medico 
   SET Responsabile='TRRMHL65S07F839U'
   WHERE Year(DataNascita)>1969
	   AND CodFiscale NOT IN (SELECT R.Responsabile
                              FROM Responsabile R );
  

   INSERT INTO Responsabile (Responsabile)    /* Segretari */
   VALUES
   ('GRGVNI94B50H282W'),
   ('GLLMTR76M55M082C');
   
   UPDATE Segreteria
   SET Responsabile='GRGVNI94B50H282W'
   WHERE  Year(DataNascita)>=1985
       AND CodFiscale NOT IN (SELECT R.Responsabile
                              FROM Responsabile R );
 
 UPDATE Segreteria
   SET Responsabile='GLLMTR76M55M082C'
   WHERE Year(DataNascita) BETWEEN 1970 AND 1984
       AND CodFiscale NOT IN (SELECT R.Responsabile
                              FROM Responsabile R );
   
   
  INSERT INTO Cliente
VALUES
  ('MTTBDS94P18E527F','Mattia','Baldassarri','1994-09-18','M','Roma','Via Liverani 53','3392345871','SSF328TF14',NULL,false),
  ('VRGCDG92E49E798H','Virginia','Capodoglio','1992-05-09','F','Roma','Via Bartoli 12','3318697234','MMD632IK19',NULL,false),
  ('SPGMRC98C02H501T','Marco','Spagnoli','1998-03-02','M','Roma','Via Romano 23','3312136261','SSF328TF14',NULL,false),
  ('GDURMN90P04H501F','Romano','Guidi','1990-09-04','M','Roma','Via degli Ulivi 40','3335679842','SDD453AB88',NULL,false),
  ('PCCCRL87L45H501U','Carla','Pucciardi','1987-07-05','F','Roma','Viale dei Santi','3348999734','FGG331YT75',NULL,false),
  ('TRLFNC97T12H501A','Francesco','Turelli','1997-12-12','M','Roma','Via della Pura 6','3264591874','KKD438ZN33',NULL,false),
  ('MRTGST81A13E472K','Augusto','Maretti','1981-01-13','M','Roma','Piazza di Spagna 5','3347687980','FFG564CD23',NULL,false),
  ('MRMCRT93B45E527D','Miriam','Capriotti','1993-02-05','F','Roma','Via Vignati 10','3326540981','DDF442XC78',NULL,false),
  ('CNDBRN96L13I726Y','Bruno','Candelotti','1996-07-13','M','Roma','Via del Rinascimento 32','3374856290','DSP551YE91',NULL,false),
  ('LSSTLL95M17D612Y','Tullio','Olessi','1995-08-17','M','Roma','Via degli Alabardieri 7','3357655981','LKO345OP22',NULL,false),
  ('SNTLNZ95A03D612X','Lorenzo','Santori','1995-01-03','M','Roma','Via dei Medici 12','3312345261','VRF564TY23',NULL,false),
  ('RSOTRS97E64F839A','Teresa','Orso','1997-05-24','F','Roma','Via dei Contadini 9','3557526991','GHF397UN68',NULL,false),
  ('LSSDVR90A01E798F','Alessandro','Davori','1990-01-01','M','Roma','Via Buccirosso 2','3349123865','PFG341AC19',NULL,false),
  ('VRMCLL95M57F839U','Camilla','Vermigli','1995-08-17','F','Roma','Via della Pace 14','3336892452','AGD915VB23',NULL,false),
  ('BRTVNT92P19F839F','Valentina','Bertini','1992-09-19','F','Roma','Piazza Centrale 13','3225467231','BFH434HT90',NULL,false);
  
  
CALL InserimentoCaratteristiche('LSSDVR90A01E798F',1.80,70,45,55,70);
CALL InserimentoCaratteristiche('GDURMN90P04H501F',1.95,70,70,30,55);
CALL InserimentoCaratteristiche('VRMCLL95M57F839U',1.80,70,45,55,70);  
CALL InserimentoCaratteristiche('BRTVNT92P19F839F',1.80,80,20,80,70);
CALL InserimentoCaratteristiche('LSSTLL95M17D612Y',1.71,75.5,15,85,70);
  
  
  
  
  
  
INSERT INTO ProfiloSocial(username,pass_word,proprietario)
VALUES ('MattBaldas','grin43397','MTTBDS94P18E527F'),
       ('AleDav','criox2336','LSSDVR90A01E798F'),
       ('Madama20','fi19438','MRMCRT93B45E527D'),
       ('VirginiaCapodos','lia21982','VRGCDG92E49E798H'),
       ('Mark9802','FitNess2910','SPGMRC98C02H501T'),
       ('Vermilla','Camills95','VRMCLL95M57F839U'),
       ('Muscoloso40','SuperStrong1909','GDURMN90P04H501F'),
       ('Pucci87','DfG2231','PCCCRL87L45H501U'),
       ('TurFra','Cescorel224','TRLFNC97T12H501A'),
       ('Augustus13','guji4531','MRTGST81A13E472K'),
       ('Oznerol','deag7771','SNTLNZ95A03D612X'),
       ('Valez','Bert1992','BRTVNT92P19F839F');
       
       

       





INSERT INTO Dirigente
VALUES 
('GLNLCN77A01D612U','Luciano','Giuliani','1977-01-01','M','Firenze','Via dei Ceri 8','TTR576AS91','3349181889'),
('GRNPTR79P09H501M','Pietro','Gerani','1979-09-09','M','Roma','Viale Vittorio Emanuele 3','HJK567LO82','3317191061'),
('CNLSVT74S28F839P','Salvatore','Canulli','1974-11-28','M','Roma','Via Santa Rita','AAN786BD41','3334857232');


INSERT INTO Centro (CodCentro,Citta,Indirizzo,Telefono,DimensioneMetriQuadri,MaxClientiOspitabili,Dirigente)
VALUES
('RMA7891234','Roma','Via Liverani 12','06482139256',250,150,'GRNPTR79P09H501M'),
('RMA5867493','Roma','Via Liberazione 30','0815891076',220,120,'CNLSVT74S28F839P'),
('FRN22349LI','Firenze','Via Varrone 23','0559189564',230,125,'GLNLCN77A01D612U');




INSERT INTO OrarioAperturaCentro
VALUES
('RMA7891234','Monday','09:00:00','22:00:00'),
('RMA7891234','Tuesday','09:00:00','22:00:00'),
('RMA7891234','Wednesday','09:00:00','22:00:00'),
('RMA7891234','Thursday','09:00:00','22:00:00'),
('RMA7891234','Friday','09:00:00','22:00:00'),
('RMA7891234','Saturday','11:00:00','19:00:00'),
('RMA7891234','Sunday','09:00:00','13:00:00'),
('RMA5867493','Monday','08:00:00','21:00:00'),
('RMA5867493','Tuesday','09:00:00','21:00:00'),
('RMA5867493','Wednesday','09:00:00','21:00:00'),
('RMA5867493','Thursday','09:00:00','21:00:00'),
('RMA5867493','Friday','09:00:00','21:00:00'),
('RMA5867493','Saturday','10:00:00','18:00:00'),
('RMA5867493','Sunday','08:00:00','12:00:00');





INSERT INTO Turnazione      /* Tutor */
VALUES
('RSSLGU90H12F205V','RMA7891234','Monday','9:00:00','12:00'), 
('RSSLGU90H12F205V','RMA5867493','Monday','15:00:00','18:00:00'),
('RSSLGU90H12F205V','RMA7891234','Monday','18:00:00','20:00:00'), 
('RSSLGU90H12F205V','RMA5867493','Tuesday','09:00:00','11:00:00'),
('RSSLGU90H12F205V','RMA5867493','Tuesday','12:00:00','14:00:00'), 
('RSSLGU90H12F205V','RMA5867493','Tuesday','16:00:00','18:00:00'),
('FRRLCU89M14D612Y','RMA5867493','Monday','11:00:00','13:00:00'), 
('FRRLCU89M14D612Y','RMA5867493','Monday','15:00:00','19:00:00'),
('VRRNTN85P28D612R','RMA7891234','Monday','10:00:00','13:00:00'),
('VRRNTN85P28D612R','RMA7891234','Monday','17:00:00','20:00:00'), 
('VRRNTN85P28D612R','RMA7891234','Wednesday','9:00:00','11:00:00'),
('VRRNTN85P28D612R','RMA7891234','Wednesday','14:00:00','20:00:00'),
('PLLGNI79S11H501H','RMA5867493','Monday','12:00:00','17:00:00'), 
('PLLGNI79S11H501H','RMA5867493','Wednesday','10:00:00','14:00:00'), 
('PLLGNI79S11H501H','RMA5867493','Wednesday','16:00:00','19:00:00'),
('VRMGLN88D60F839B','RMA5867493','Wednesday','10:00:00','14:00:00'),
('GRNMRZ92A01H501L','RMA5867493','Monday','10:00:00','13:00:00'),
('GRNMRZ92A01H501L','RMA7891234','Monday','15:00:00','20:00:00'),
('GRNMRZ92A01H501L','RMA5867493','Tuesday','9:00:00','11:00:00'),
('GRNMRZ92A01H501L','RMA5867493','Tuesday','14:00:00','17:00:00'),
('GRNMRZ92A01H501L','RMA7891234','Tuesday','11:00:00','13:00:00'),
('MRGFPP89T07F839Y','RMA5867493','Tuesday','09:00:00','12:00:00'),
('MRGFPP89T07F839Y','RMA5867493','Tuesday','15:00:00','18:00:00'),
('MRGFPP89T07F839Y','RMA5867493','Thursday','09:00:00','11:00:00');




INSERT INTO Turnazione /*Medico*/
VALUES 
('TRRMHL65S07F839U','RMA5867493','Monday','10:00:00','13:00:00'),
('TRRMHL65S07F839U','RMA5867493','Monday','15:00:00','19:00:00'),
('TRRMHL65S07F839U','RMA5867493','Wednesday','09:00:00','13:00:00'),
('FRRGRD69S16H501X','RMA5867493','Tuesday','09:00:00','12:00:00'),
('FRRGRD69S16H501X','RMA5867493','Tuesday','14:00:00','18:00:00'),
('FRRGRD69S16H501X','RMA7891234','Friday','10:00:00','14:00:00'),
('RRNPLA73H18H501L','RMA5867493','Monday','09:00:00','13:00:00'),
('RRNPLA73H18H501L','RMA5867493','Monday','16:00:00','17:30:00'),
('RRNPLA73H18H501L','RMA5867493','Thursday','09:00:00','13:00:00'),
('RRNPLA73H18H501L','RMA5867493','Thursday','16:00:00','17:30:00'),
('RRNPLA73H18H501L','RMA7891234','Tuesday','11:15:00','13:30:00'),
('RRNPLA73H18H501L','RMA5867493','Tuesday','14:40:00','18:10:00');

INSERT INTO Turnazione /*Segreteria */
VALUES
('PLLMRC91C29E472L','RMA5867493','Monday','12:00:00','17:00:00'),
('PLLMRC91C29E472L','RMA7891234','Wednesday','10:00:00','14:00:00'),
('PLLMRC91C29E472L','RMA5867493','Wednesday','16:00:00','19:00:00'),
('GRGVNI94B50H282W','RMA5867493','Tuesday','9:00:00','12:00:00');





INSERT INTO TipologiaCorso_Sala
VALUES ('Cardio-Fitness','Cardio'),
	   ('Zumba','Zumba'),
       ('Arti Marziali','Karate'),
       ('Piscina','Nuoto'),
       ('Parkour','Parkour'),
       ('Corsa Libera','Corsa'),
       ('Corpo Libero','Atletica'),
       ('Sala pesi','Pesistica');




INSERT INTO Sala 
VALUES
('AAVC6574GH','Olympia','Sala Pesi',1,'VRRNTN85P28D612R','RMA7891234',1,5),
('OLRD3456DC','Centro Salute','Cardio-Fitness',1,'VRRNTN85P28D612R','RMA5867493',1,6),
('BBAD344353','ZumbaMania','Zumba',2,'RDTFLC91T14H501Y','RMA5867493',1,3),
('CCDS345675','Fight Club','Arti Marziali',2,'VRRNTN85P28D612R','RMA7891234',1,3),
('AERF466732','Parkour4Life','Parkour',3,'LVRMRA83L47H501Q','RMA5867493',0,1),
('GGFD345642','JapanArts','Arti Marziali',3,'VRRNTN85P28D612R','RMA5867493',1,4),
('HGBF459913','Corri come il vento!','Corsa Libera',1,'LVRMRA83L47H501Q','RMA7891234',0,3),
('LGHF657748','Reinforce yourselves!','Sala Pesi',2,'LVRMRA83L47H501Q','RMA5867493',1,3);




INSERT INTO AbbonamentoStandard
VALUES
('Silver',1,30,2,0,0,0),
('Gold',2,45,3,1,2,1),
('Platinum',3,60,4,1,4,1);




CALL Aggiungi_Contratto('GHDSER5564','GRGVNI94B50H282W',12,'Immediato','Silver','RMA5867493','Potenziamento Muscolare','2017-01-03','SNTLNZ95A03D612X');
CALL Aggiungi_Contratto('ZZFGD3455G','PLLMRC91C29E472L',12,'Dilazionato','Gold','RMA5867493','Potenziamento Muscolare','2017-10-09','TRLFNC97T12H501A');
CALL Aggiungi_Contratto('AAAAAAAAA','PLLMRC91C29E472L',1,'Immediato','Gold','RMA5867493','Potenziamento Muscolare','2017-05-22','BRTVNT92P19F839F');
CALL Aggiungi_Contratto('DDFFCD3345','PLLMRC91C29E472L',6,'Immediato','Silver','RMA5867493','Dimagrimento','2017-8-30','GDURMN90P04H501F');
CALL Aggiungi_Contratto('KLDOOE3211','PLLMRC91C29E472L',10,'Immediato','Platinum','RMA5867493','Dimagrimento','2017-04-10','MTTBDS94P18E527F');
CALL Aggiungi_Contratto('ABNDFR3456','GRGVNI94B50H282W',10,'Immediato','Gold','RMA5867493','Dimagrimento','2017-03-07','MRTGST81A13E472K');
CALL Aggiungi_Contratto('MHFNDE7601','PLLMRC91C29E472L',1,'Immediato','Silver','RMA5867493','Dimagrimento','2017-09-11','VRMCLL95M57F839U');
CALL Aggiungi_Contratto('ARNDFR3455','GRGVNI94B50H282W',5,'Immediato','Gold','RMA5867493','Dimagrimento','2017-04-04','PCCCRL87L45H501U');
CALL Aggiungi_Contratto('JFK45R3DDC','GRGVNI94B50H282W',9,'Immediato','Personalizzato','RMA5867493','Dimagrimento','2017-08-22','BRTVNT92P19F839F');






CALL InserisciAutorizzazioneStandard('ARNDFR3455','RMA7891234');

CALL AggiungiAutorizzazionePersonalizzata('JFK45R3DDC','RMA5867493',3,5,1,2,1);



CALL InserisciPotenziamentoMuscolare('GHDSER5564','Bicipite','Moderato');
CALL InserisciPotenziamentoMuscolare('GHDSER5564','Addominali','Elevato');
CALL InserisciPotenziamentoMuscolare('GHDSER5564','Pettorali','Moderato');



INSERT INTO Rateizzazione
VALUES 
('GGFDC55663','ZZFGD3455G',5,6,'Unicredit'); 

INSERT INTO Rata
VALUES
('ASV3452OK','GGFDC55663',30,'Non ancora dovuto','2017-08-19'),
('ASV3422OK','GGFDC55663',30,'Non ancora dovuto','2017-10-19'),
('ASV1452OK','GGFDC55663',30,'Non ancora dovuto','2017-12-19'),
('BSV3452OK','GGFDC55663',30,'Non ancora dovuto','2018-02-19'),
('ASZ3452OK','GGFDC55663',30,'Non ancora dovuto','2018-04-19');

INSERT INTO Rata
VALUES
('ADV3452OK','GGFDC55663',30,'Non ancora dovuto','2018-06-19');



INSERT INTO Corso (CodCorso,NomeDisciplina,LivelloInsegnamento,InizioCorso,FineCorso,Sala,NumeroMaxPartecipanti,Istruttore)
VALUES 
('FCG4523TGB','Karate','Intermedio','2017-09-06','2018-07-15','GGFD345642',80,'PLLGNI79S11H501H'),
('BLD4563ADS','Zumba','Intermedio','2017-10-19','2018-07-15','BBAD344353',100,'MRGFPP89T07F839Y');


INSERT INTO CalendarioLezioni
VALUES
('FCG4523TGB','Wednesday','17:00:00','18:00:00'),
('BLD4563ADS','Thursday','10:00:00','10:50:00'),
('FCG4523TGB','Monday','16:45:00','17:00:00');

INSERT INTO Spogliatoio 
VALUES ('CCVFG678UI',3,'RMA5867493',4),
       ('TGV56G672Z',10,'RMA5867493',5),
       ('FVV768BGRE',20,'RMA7891234',6);
       
INSERT INTO Armadietto 
VALUES ('SBL456DEO3','CCVFG678UI',0),
       ('DVV246DGV9','CCVFG678UI',0),
       ('ASD864DFC1','FVV768BGRE',0);



CALL RegistraAccesso_SalaMedica('MRTGST81A13E472K','RMA5867493','2017-03-07','14:50:50');
CALL RegistraAccesso_SalaMedica('MTTBDS94P18E527F','RMA5867493','2017-07-10','12:00:00');
CALL RegistraAccesso_SalaMedica('PCCCRL87L45H501U','RMA7891234','2017-04-04','12:00:00');
CALL RegistraAccesso_SalaMedica('VRMCLL95M57F839U','RMA5867493','2017-09-11','10:00:00');

INSERT INTO Visita 
VALUES ('VST45132DFV','FRRGRD69S16H501X','MRTGST81A13E472K','2017-03-07','15:00:00','Ottimo stato');
       
INSERT INTO Visita 
VALUES       ('VST34134GJT','TRRMHL65S07F839U','MTTBDS94P18E527F','2017-07-10','12:05:00','Ottimo stato');
INSERT INTO Visita 
VALUES   ('VST46879GBV','RRNPLA73H18H501L','PCCCRL87L45H501U','2017-04-04','12:10:15','Ottimo stato');
       
INSERT INTO Visita 
VALUES ('VST19484FJV','TRRMHL65S07F839U','VRMCLL95M57F839U','2017-09-11','10:30:00','Ottimo stato');

CALL RegistraUscita_SalaMedica('MRTGST81A13E472K','15:50:50');
CALL RegistraUscita_SalaMedica('MTTBDS94P18E527F','12:15:00');
CALL RegistraUscita_SalaMedica('PCCCRL87L45H501U','12:40:00');
CALL RegistraUscita_SalaMedica('VRMCLL95M57F839U','11:00:00');





CALL RegistraAccesso_Centro ('MRTGST81A13E472K','RMA5867493','2017-05-08','16:15:00');
CALL RegistraAccesso_Centro('MTTBDS94P18E527F','RMA5867493','2017-09-04','16:40:00');
CALL RegistraAccesso_Centro('PCCCRL87L45H501U','RMA7891234','2017-05-09','12:00:00');
CALL RegistraAccesso_Centro('VRMCLL95M57F839U','RMA5867493','2017-09-11','11:00:00');

INSERT INTO IscrizioneCorsi 
 VALUES ('MTTBDS94P18E527F','FCG4523TGB');
 
CALL RegistraAccesso_Sala ('MTTBDS94P18E527F','OLRD3456DC','2017-05-08','16:50:00');

CALL RegistraUscita_Sala('MTTBDS94P18E527F','17:15:00'); 
CALL RegistraAccesso_Sala ('MTTBDS94P18E527F','LGHF657748','2017-05-08','17:20:00');

 
CALL RegistraUscita_Sala('MTTBDS94P18E527F','17:50:00'); 
 
CALL RegistraUscita_Centro('MTTBDS94P18E527F','17:55:00');
CALL RegistraUscita_Centro('MRTGST81A13E472K','17:00:00');
CALL RegistraUscita_Centro('PCCCRL87L45H501U','13:20:00');
CALL RegistraUscita_Centro('VRMCLL95M57F839U','11:20:00');

INSERT INTO Dieta
VALUES ('AADCGGFE23',100,3,'AAAAAA'),
       ('GHHFSERN18',89,2,'FVGGRE'),
       ('DDFCSLAS34',89,2,'FVGGRE');

INSERT INTO SchedaAlimentazione
VALUES
('SCHDA4563A','MRTGST81A13E472K','Perdere peso','2017-03-07','2017-03-07','2017-10-10','FRRGRD69S16H501X','AADCGGFE23',2);

INSERT INTO SchedaAlimentazione
VALUES
('SCHDALM23','MTTBDS94P18E527F','Potenziamento Muscolare','2017-07-10','2017-07-11','2017-12-10','TRRMHL65S07F839U','AADCGGFE23',4);

INSERT INTO SchedaAlimentazione
VALUES
('SCHDALM69','VRMCLL95M57F839U','Potenziamento Muscolare','2017-09-11','2017-09-12','2017-11-28','TRRMHL65S07F839U','DDFCSLAS34',3);



INSERT INTO SchedaAllenamento
VALUES ('SCHD9084','MTTBDS94P18E527F','2017-09-04','2017-09-07','2018-02-01','RSSLGU90H12F205V');




CALL Aggiungiesercizioanaerobico('PCDK9873DF','Chest press',25,10,3,60);
CALL Aggiungiesercizioanaerobico('KJDH4567HU','Curl manubri',20,5,4,60);
CALL Aggiungiesercizioanaerobico('GHBJ3472GL','Trazioni con bilaciere',25,8,5,60);
CALL Aggiungiesercizioaerobico('FGCD4564JK','Corsa',20,10,300);
CALL Aggiungiesercizioaerobico('GHFJ5628FV','Mountain climber',34,2,300);




INSERT INTO Attrezzatura
VALUES ('ASDCGHRFC','Tapis roulant',65,1,'OLRD3456DC'),
	   ('DFCGNVKED','Manubri',80,1,'LGHF657748'),
       ('PNC5768DI','Panca',100,1,'LGHF657748'),
       ('FCBF6758F','Bilanciere',90,1,'OLRD3456DC'),
       ('TPPD5647D','Tappetino',15,1,'AAVC6574GH');
       
INSERT INTO Esercizio_Configurazione
VALUES ('FGCD4564JK','ASDCGHRFC','Inclinazione',2),
       ('FGCD4564JK','ASDCGHRFC','Velocità',10),
       ('KJDH4567HU','DFCGNVKED','Peso',12),
       ('PCDK9873DF','PNC5768DI','Inclinazione',30),
       ('PCDK9873DF','DFCGNVKED','Peso',15),
       ('GHBJ3472GL','FCBF6758F','Peso',20),
       ('GHFJ5628FV','TPPD5647D','Non presente',0);

INSERT INTO EsercizioScheda
VALUES ('SCHD9084','PCDK9873DF',1),
       ('SCHD9084','KJDH4567HU',1),
       ('SCHD9084','GHBJ3472GL',1),
       ('SCHD9084','FGCD4564JK',1),
       ('SCHD9084','GHFJ5628FV',1);
       
CALL AggiungiEsercizio_Svolto ('MTTBDS94P18E527F','FGCD4564JK','2017-05-08 16:55:26','SCHD9084',NULL,NULL,9,240,1,'OLRD3456DC',NULL);      
 CALL AggiungiEsercizio_Svolto('MTTBDS94P18E527F','PCDK9873DF','2017-05-08 17:32:26','SCHD9084',10,6,NULL,55,1,'LGHF657748',NULL);
  CALL AggiungiConfigurazione_EsercizioSvolto('MTTBDS94P18E527F','PCDK9873DF','2017-05-08 17:32:26','PNC5768DI','Inclinazione',30);
  CALL AggiungiConfigurazione_EsercizioSvolto('MTTBDS94P18E527F','PCDK9873DF','2017-05-08 17:32:26','DFCGNVKED','Peso',15);

 CALL AnalisiPerformanceEsercizioAerobico('MTTBDS94P18E527F','FGCD4564JK','2017-05-08 16:55:26','SCHD9084',9,240,1);
 CALL AnalisiPerformanceEsercizioAnaerobico('MTTBDS94P18E527F','PCDK9873DF','2017-05-08 17:32:26','SCHD9084',8,4,150,1);




INSERT INTO AreaForum(NomeArea)
VALUES
  ('Roma e dintorni'),
  ('Sfide'),
  ('Sport'),
  ('Annunci');






 INSERT INTO Interesse
VALUES
  ('Mark9802','judo'),
  ('Mark9802','karate'),
  ('Mark9802','taekwondo'),
  ('Mattbaldas','calcio'),
  ('Mattbaldas','karate'),
  ('VirginiaCapodos','karate');

insert into interesse
values('VirginiaCapodos','taekwondo');

insert into cerchia (codcerchia,nomecerchia,utente,interesse1)
values ('23678112','Karate nel cuore','VirginiaCapodos','karate');

insert into cerchia(codcerchia,nomecerchia,utente,interesse1,interesse2,interesse3)
values('20198367','Seguaci dell arte marziale','Mark9802','judo','karate','taekwondo');

delete from interesse
where username = 'VirginiaCapodos' and interesse='taekwondo';

INSERT INTO RichiestaAmicizia
VALUES
  ('MattBaldas','AleDav','Da confermare'),
  ('MattBaldas','VirginiaCapodos','Da confermare'),
  ('MattBaldas','Madama20','Da confermare'),
  ('MattBaldas','Mark9802','Da confermare'),
  ('MattBaldas','Pucci87','Da confermare'),
  ('MattBaldas','Turfra','Da confermare'),
  ('VirginiaCapodos','Madama20','Da confermare'),
  ('VirginiaCapodos','Pucci87','Da confermare'),
  ('VirginiaCapodos','AleDav','Da confermare'),
  ('VirginiaCapodos','Muscoloso40','Da confermare'),
  ('VirginiaCapodos','Turfra','Da confermare'),
  ('Mark9802','Madama20','Da confermare'),
  ('Mark9802','Turfra','Da confermare'),
  ('Mark9802','AleDav','Da confermare'),
  ('Mark9802','VirginiaCapodos','Da confermare');


CALL RispondiRichiestaAmicizia('MattBaldas','AleDav','Confermata');
CALL RispondiRichiestaAmicizia('MattBaldas','VirginiaCapodos','Confermata');
CALL RispondiRichiestaAmicizia('MattBaldas','Madama20','Confermata');
CALL RispondiRichiestaAmicizia('MattBaldas','Mark9802','Rifiutata');
CALL RispondiRichiestaAmicizia('MattBaldas','Pucci87','Confermata');
CALL RispondiRichiestaAmicizia('MattBaldas','TurFra','Confermata');
CALL RispondiRichiestaAmicizia('VirginiaCapodos','Madama20','Confermata');
CALL RispondiRichiestaAmicizia('VirginiaCapodos','Pucci87','Rifiutata');
CALL RispondiRichiestaAmicizia('VirginiaCapodos','AleDav','Confermata');
CALL RispondiRichiestaAmicizia('VirginiaCapodos','Muscoloso40','Confermata');
CALL RispondiRichiestaAmicizia('VirginiaCapodos','Turfra','Confermata');
CALL RispondiRichiestaAmicizia('Mark9802','Madama20','Confermata');
CALL RispondiRichiestaAmicizia('Mark9802','Turfra','Confermata');
CALL RispondiRichiestaAmicizia('Mark9802','AleDav','Rifiutata');


INSERT INTO PostPrincipale(Codpost,TitoloPost,TimestampPubblicazione,Username,Testo,AreaForum)
VALUES
('3209183','Presentazione',current_timestamp,'VirginiaCapodos',
'Ciao a tutti, mi chiamo Virginia e ho 25 anni , cercasi volenterosi compagni di allenamento :) ',
'Roma e dintorni');

INSERT INTO PostRisposta(Codpost,TitoloPost,TimestampPubblicazione,Username,Testo,postprincipale)
VALUES
('2381756','Repost',current_timestamp,'MattBaldas','Ciao virginia :) , io mi aggrego volentieri!',
 '3209183'); 
 
INSERT INTO Giudizio 
VALUES
('VirginiaCapodos','2381756',5);

INSERT INTO PostRisposta(Codpost,TitoloPost,TimestampPubblicazione,Username,Testo,postprincipale)
VALUES
('1297345','Repost2',current_timestamp,'VirginiaCapodos','Perfetto!!','3209183');

INSERT INTO Giudizio 
VALUES
('MattBaldas','1297345',5);

INSERT INTO PostRisposta(Codpost,TitoloPost,TimestampPubblicazione,Username,Testo,postprincipale)
VALUES
('4927345','Repost3',current_timestamp,'Mark9802','Ciao Virginia!, Io sono un grande appassionato di 
  arti marziali, se tu o qualcun altro vorreste fare un pò di sparring insieme
  sono sempre disponibile!!','3209183');

INSERT INTO Giudizio VALUES('MattBaldas','4927345',4);

INSERT INTO Giudizio VALUES('VirginiaCapodos','4927345',5);

INSERT INTO Giudizio VALUES('Madama20','4927345',5);








CALL InserisciIngresso_Pagato('VRGCDG92E49E798H','2017-11-21','15:16:00','OLRD3456DC');
CALL InserisciUscita_Pagato ('VRGCDG92E49E798H','OLRD3456DC','19:21:40');









CALL InserisciSfida ('ProvaSfida','MattBaldas','Questa è una sfida di prova','','2017-08-01','2017-08-5','2017-09-15','Aumento diametro braccio in cm',5,'SCHDALM23','SCHD9084','SFD7856','PST9183756');


CALL AderisciSfida('Pucci87','SFD7856','2017-08-02');

DELETE 
FROM Esercizio_Modifica_Config
WHERE Esercizio<>'FGCD4564JK';

DELETE 
FROM Esercizio_Modifica
WHERE Esercizio<>'FGCD4564JK';

CALL RegistraAccesso_Centro('MTTBDS94P18E527F','RMA5867493','2017-09-06','16:40:00');

CALL RegistraAccesso_Sala ('MTTBDS94P18E527F','GGFD345642','2017-09-06','16:50:00');
CALL RegistraUscita_Sala('MTTBDS94P18E527F','17:15:00'); 

CALL RegistraAccesso_Sala ('MTTBDS94P18E527F','OLRD3456DC','2017-09-06','17:25:00');
CALL AggiungiEsercizio_Svolto ('MTTBDS94P18E527F','FGCD4564JK','2017-09-06 17:52:26','SCHD9084',NULL,NULL,9,240,1,'OLRD3456DC','SFD7856');
CALL AggiungiConfigurazione_EsercizioSvolto('MTTBDS94P18E527F','FGCD4564JK','2017-09-06 17:52:26','ASDCGHRFC','Inclinazione',2);
CALL AggiungiConfigurazione_EsercizioSvolto('MTTBDS94P18E527F','FGCD4564JK','2017-09-06 17:52:26','ASDCGHRFC','Velocità',9);
CALL RegistraUscita_Sala('MTTBDS94P18E527F','18:12:00'); 


 
CALL RegistraUscita_Centro('MTTBDS94P18E527F','18:20:00');
CALL CalcoloSforzoGiornaliero ('MattBaldas', '2017-09-06', 'SFD7856', 'SFRZ9583CJ');





CALL RegistraAccesso_Centro('MTTBDS94P18E527F','RMA5867493','2017-09-08','16:40:00');

CALL RegistraAccesso_Sala ('MTTBDS94P18E527F','GGFD345642','2017-09-08','16:50:00');
CALL RegistraUscita_Sala('MTTBDS94P18E527F','17:15:00'); 

CALL RegistraAccesso_Sala ('MTTBDS94P18E527F','OLRD3456DC','2017-09-08','17:25:00');
CALL AggiungiEsercizio_Svolto ('MTTBDS94P18E527F','FGCD4564JK','2017-09-08 17:52:26','SCHD9084',NULL,NULL,9,240,1,'OLRD3456DC','SFD7856');
CALL AggiungiConfigurazione_EsercizioSvolto('MTTBDS94P18E527F','FGCD4564JK','2017-09-08 17:52:26','ASDCGHRFC','Inclinazione',1);
CALL AggiungiConfigurazione_EsercizioSvolto('MTTBDS94P18E527F','FGCD4564JK','2017-09-08 17:52:26','ASDCGHRFC','Velocità',8);
CALL RegistraUscita_Sala('MTTBDS94P18E527F','18:12:00'); 


CALL RegistraUscita_Centro('MTTBDS94P18E527F','18:20:00');
CALL CalcoloSforzoGiornaliero ('MattBaldas', '2017-09-08', 'SFD7856', 'SFRZ9584CJ');



CALL RegistraAccesso_Centro('MTTBDS94P18E527F','RMA5867493','2017-09-11','16:40:00');

CALL RegistraAccesso_Sala ('MTTBDS94P18E527F','GGFD345642','2017-09-11','16:50:00');
CALL RegistraUscita_Sala('MTTBDS94P18E527F','17:15:00'); 

CALL RegistraAccesso_Sala ('MTTBDS94P18E527F','OLRD3456DC','2017-09-11','17:25:00');
CALL AggiungiEsercizio_Svolto ('MTTBDS94P18E527F','FGCD4564JK','2017-09-11 17:52:26','SCHD9084',NULL,NULL,9,240,1,'OLRD3456DC','SFD7856');
CALL AggiungiConfigurazione_EsercizioSvolto('MTTBDS94P18E527F','FGCD4564JK','2017-09-11 17:52:26','ASDCGHRFC','Inclinazione',2);
CALL AggiungiConfigurazione_EsercizioSvolto('MTTBDS94P18E527F','FGCD4564JK','2017-09-11 17:52:26','ASDCGHRFC','Velocità',8);
CALL RegistraUscita_Sala('MTTBDS94P18E527F','18:12:00'); 


CALL RegistraUscita_Centro('MTTBDS94P18E527F','18:20:00');
CALL CalcoloSforzoGiornaliero ('MattBaldas', '2017-09-11', 'SFD7856', 'SFRZ9585CJ');



CALL RegistraAccesso_Centro('PCCCRL87L45H501U','RMA7891234','2017-08-08','12:00:00');

CALL RegistraAccesso_Sala ('PCCCRL87L45H501U','OLRD3456DC','2017-08-08','16:50:00');
CALL AggiungiEsercizio_Svolto ('PCCCRL87L45H501U','FGCD4564JK','2017-08-08 16:55:26','SCHD9084',NULL,NULL,9,240,1,'OLRD3456DC','SFD7856');      
CALL AggiungiConfigurazione_EsercizioSvolto('PCCCRL87L45H501U','FGCD4564JK','2017-08-08 16:55:26','ASDCGHRFC','Inclinazione',2);
CALL AggiungiConfigurazione_EsercizioSvolto('PCCCRL87L45H501U','FGCD4564JK','2017-08-08 16:55:26','ASDCGHRFC','Velocità',9);
CALL RegistraUscita_Sala('PCCCRL87L45H501U','17:15:00'); 

CALL RegistraUscita_Centro('PCCCRL87L45H501U','18:20:00');
CALL CalcoloSforzoGiornaliero ('Pucci87', '2017-08-08', 'SFD7856', 'SFRZ9683CJ');


CALL RegistraAccesso_Centro('PCCCRL87L45H501U','RMA7891234','2017-08-10','16:45:00');

CALL RegistraAccesso_Sala ('PCCCRL87L45H501U','OLRD3456DC','2017-08-10','16:50:00');
CALL AggiungiEsercizio_Svolto ('PCCCRL87L45H501U','FGCD4564JK','2017-08-10 16:55:26','SCHD9084',NULL,NULL,9,240,1,'OLRD3456DC','SFD7856');      
CALL AggiungiConfigurazione_EsercizioSvolto('PCCCRL87L45H501U','FGCD4564JK','2017-08-10 16:55:26','ASDCGHRFC','Inclinazione',1);
CALL AggiungiConfigurazione_EsercizioSvolto('PCCCRL87L45H501U','FGCD4564JK','2017-08-10 16:55:26','ASDCGHRFC','Velocità',9);
CALL RegistraUscita_Sala('PCCCRL87L45H501U','17:15:00'); 

CALL RegistraUscita_Centro('PCCCRL87L45H501U','18:20:00');
CALL CalcoloSforzoGiornaliero ('Pucci87', '2017-08-10', 'SFD7856', 'SFRZ9283CJ');

CALL RegistraAccesso_SalaMedica('PCCCRL87L45H501U','RMA5867493','2017-08-14','16:40:00');

INSERT INTO Visita
VALUES ('VST2045AB','RRNPLA73H18H501L','PCCCRL87L45H501U','2017-08-14','16:55:00','Ottimo stato');
INSERT INTO MisurazioneSfida
VALUES ('SFD7856',4,'VST2045AB');

CALL RegistraUscita_SalaMedica('PCCCRL87L45H501U','17:25:50');

CALL CalcoloPunteggio('SFD7856','Pucci87','2017-08-14');






insert into Magazzino
VALUES ('R098L56','RMA7891234',200000,0,0), ('R076L54','RMA5867493',100000,0,0);

insert into Fornitore
VALUES ('MuscleUp','S.r.l','01233349876','Via Piagge 20','Torino','332 4568921');

insert into integratore
VALUES('Barretta PlusUltra','Snack','Cioccolato,amminoacidi puri',10,1,'01233349876'),
      ('Gaterode','Bevanda','Acqua,coloranti e tonico energizzante',1,1,'01233349876'),
      ('ProteinMix','IntegratoreProteine','Soia,proteine, potenziatori muscolari',1,1,'01233349876'),
      ('BulkUp','IntegratoreProteine','Amminoacidi puri, estratti naturali erbe',1,1,'01233349876');
	
CALL AggiungiProdottoInventario('Barretta PlusUltra','R098L56',30);
CALL AggiungiProdottoInventario('Gaterode','R098L56',10);
CALL AggiungiProdottoInventario('ProteinMix','R098L56',40);
CALL AggiungiProdottoInventario('BulkUp','R098L56',30);

CALL AggiungiProdottoInventario('Barretta PlusUltra','R076L54',35);
CALL AggiungiProdottoInventario('Gaterode','R076L54',8);
CALL AggiungiProdottoInventario('ProteinMix','R076L54',32);


CALL creaordine('g348dft','01233349876','RMA7891234','Mastercard');
CALL AggiungiAlCarrello ('g348dft','ASDFGHHJK','Gaterode',300); 
CALL AggiungiAlCarrello ('g348dft','BGRUIJJII','Barretta PlusUltra',200);
CALL AggiungiAlCarrello('g348dft','GTRDUIONO','ProteinMix',200);
CALL InviaOrdine ('g348dft','2017-11-29');
 
/*
CALL EliminaOrdiniFalliti('RMA7891234');
*/

CALL StatoMerceInviata('g348dft');
CALL StatoMerceArrivata('g348dft');
CALL StipaMerce ('g348dft','2018-02-28');
                         
CALL creaordine('j136828ty','01233349876','RMA7891234','Mastercard');
CALL AggiungiAlCarrello('j136828ty','HJYIYUUUGG','Gaterode',200);
CALL AggiungiAlCarrello('j136828ty','KIOOIUUU','Barretta PlusUltra',150);
CALL AggiungiAlCarrello('j136828ty','LOIUBIO8','ProteinMix',100);

CALL InviaOrdine ('j136828ty','2017-11-30');

CALL StatoMerceInviata('j136828ty');
CALL StatoMerceArrivata('j136828ty');
CALL StipaMerce ('j136828ty','2018-01-03');

CALL CreaOrdine('lpeijuecf','01233349876','RMA5867493','Mastercard');
CALL AggiungiAlCarrello('lpeijuecf','BB6536HY','Gaterode',180);
CALL AggiungiAlCarrello('lpeijuecf','YUBGTRDTY','Barretta PlusUltra',120);
CALL AggiungiAlCarrello('lpeijuecf','IOUTFYYUU','ProteinMix',210);

CALL InviaOrdine('lpeijuecf','2017-12-05');

CALL StatoMerceInviata('lpeijuecf');
CALL StatoMerceArrivata('lpeijuecf');
CALL StipaMerce('lpeijuecf','2018-02-12');

CALL CreaOrdine('srteooohj','01233349876','RMA5867493','Mastercard');
CALL AggiungiAlCarrello('srteooohj','IYYGYEEE','Gaterode',167);
CALL AggiungiAlCarrello('srteooohj','ERFYYVOL','Barretta PlusUltra',240);
CALL AggiungiAlCarrello('srteooohj','OGRUYTR','ProteinMix' , 160);

CALL InviaOrdine('srteooohj','2017-12-10');

CALL StatoMerceInviata('srteooohj');
CALL StatoMerceArrivata('srteooohj');
CALL StipaMerce('srteooohj','2017-12-11');




CALL VenditaIntegratori('YEWNJHJGF','RSOTRS97E64F839A','RMA5867493','ProteinMix','2017-11-19',24,
                       'IOUTFYYUU' );
CALL VenditaIntegratori('OTHVVGYIIU','VRMCLL95M57F839U','RMA5867493','Barretta PlusUltra','2017-11-18',
                         28,'YUBGTRDTY');


CALL VenditaIntegratori('YREHJBMO','RSOTRS97E64F839A','RMA7891234','ProteinMix','2017-11-19',20,
                        'LOIUBIO8');
CALL VenditaIntegratori('REWBKOOU','VRMCLL95M57F839U','RMA7891234','Gaterode','2017-11-19',25,
                        'HJYIYUUUGG');

CALL VenditaIntegratori('HGTIOBUI','MTTBDS94P18E527F','RMA7891234','Barretta PlusUltra','2017-11-17',
						 10,'BGRUIJJII');
CALL VenditaIntegratori('HGTTICDRTT','MTTBDS94P18E527F','RMA7891234','Barretta PlusUltra','2017-11-20',
						 15,'BGRUIJJII');
                         

CALL VenditaIntegratori('NBTEEETOP','VRMCLL95M57F839U','RMA5867493','Gaterode','2017-11-10',22,'IYYGYEEE');
CALL VenditaIntegratori('UTREUBHJ','VRMCLL95M57F839U','RMA5867493','ProteinMix','2017-11-03',18,'OGRUYTR');
                         

CALL VenditaIntegratori('HGTIOB23919I','MTTBDS94P18E527F','RMA7891234','Barretta PlusUltra','2017-11-17',
						 10,'KIOOIUUU');
CALL VenditaIntegratori('HG27369919','MTTBDS94P18E527F','RMA7891234','Gaterode','2017-11-20',
						 15,'HJYIYUUUGG');




INSERT INTO areaallestibile
VALUES ('AAA21657','RMA7891234','interno',2,2),
       ('BBB35267','RMA7891234','esterno',16,2),
       ('CCCsteeg','RMA7891234','interno',20,2);
       

insert into tariffeareeallestibili
VALUES ('tennis','AAA21657',10,NULL),
       ('softair','BBB35267',12,3),
       ('calcetto','BBB35267',10,NULL);
       
       
CALL IscrizioneCentroAreeAllestibili('MTTBDS94P18E527F','RMA7891234');
CALL IscrizioneCentroAreeAllestibili('VRGCDG92E49E798H','RMA7891234');
CALL IscrizioneCentroAreeAllestibili('SPGMRC98C02H501T','RMA7891234');
CALL IscrizioneCentroAreeAllestibili( 'GDURMN90P04H501F','RMA7891234');
CALL IscrizioneCentroAreeAllestibili('PCCCRL87L45H501U','RMA7891234');
  
  
  
CALL PrenotazioneAreaAllestibile ('fgeidjne','BBB35267' ,
'softair', true,'MTTBDS94P18E527F' , '2017-11-18',
'16:00:00 ','18:00:00' );

CALL AggiungiPartecipante ('VRGCDG92E49E798H','fgeidjne');  /* maxpartecipanti funziona , testato */
CALL AggiungiPartecipante ('SPGMRC98C02H501T','fgeidjne'); 

CALL ConcludiPrenotazione ('fgeidjne');

CALL PrenotazioneAreaAllestibile ('rydnducie','BBB35267' ,
'softair', true,'GDURMN90P04H501F', '2017-11-18',
'16:00:00 ','17:00:00' );

CALL AggiungiPartecipante ('PCCCRL87L45H501U','rydnducie');

CALL ConcludiPrenotazione ('rydnducie');


CALL EsaminaRichiesteCentro ('RMA7891234');

CALL ProponiTreAlternative('fgeidjne','2017-11-20','15:30:00','17:00:00',
                                       '2017-11-20','17:00:00','18:30:00',
									   '2017-11-20','15:00:00','16:00:00');
                                       
							

CALL ConfermaAlternativa('fgeidjne','2017-11-20','17:00:00','18:30:00');

CALL  CaricaSaldoDaPagare('fgeidjne');
CALL CaricaSaldoDaPagare('rydnducie');